{"_timestamp":1.7520770607867124e+09,"_wandb":{"runtime":176},"_runtime":176.141099953,"_step":360,"train/loss":0.5903751254081726,"train/loss_l1":0.5898119211196899,"train/loss_grad":0.0011263838969171047,"lr":5e-05}