{"_step":500,"_wandb":{"runtime":321},"_runtime":321.139523487,"train/loss":0.17651236057281494,"train/loss_l1":0.1671096235513687,"train/loss_grad":0.018805481493473053,"lr":1e-05,"_timestamp":1.7520775341967368e+09}