{"train/loss_grad":0.0028254089411348104,"lr":5e-06,"_timestamp":1.7520793686421506e+09,"_wandb":{"runtime":232},"_runtime":232.141776005,"_step":500,"train/loss":0.0680224671959877,"train/loss_l1":0.06660976260900497}