{"_wandb":{"runtime":103},"_runtime":103.135101358,"_timestamp":1.752077194827801e+09,"_step":159,"train/loss":0.16860240697860718,"train/loss_l1":0.16683615744113922,"train/loss_grad":0.0035325137432664633,"lr":5e-05}