{"train/loss_l1":0.8584900498390198,"train/loss_grad":0.00279340916313231,"lr":1e-05,"_timestamp":1.7520766167678149e+09,"_step":500,"train/loss":0.8598867654800415,"_wandb":{"runtime":138},"_runtime":138.367716809}